{
  "HSC Book" : {
    "transaction" : "HSC Book",
    "sampleCount" : 10,
    "errorCount" : 0,
    "errorPct" : 0.0,
    "meanResTime" : 799.6,
    "medianResTime" : 695.0,
    "minResTime" : 216.0,
    "maxResTime" : 1665.0,
    "pct1ResTime" : 1648.9,
    "pct2ResTime" : 1665.0,
    "pct3ResTime" : 1665.0,
    "throughput" : 3.745318352059925,
    "receivedKBytesPerSec" : 1719.566728113296,
    "sentKBytesPerSec" : 0.5998361423220974
  },
  "rokomari" : {
    "transaction" : "rokomari",
    "sampleCount" : 10,
    "errorCount" : 0,
    "errorPct" : 0.0,
    "meanResTime" : 1823.8000000000002,
    "medianResTime" : 1778.0,
    "minResTime" : 609.0,
    "maxResTime" : 3473.0,
    "pct1ResTime" : 3353.4000000000005,
    "pct2ResTime" : 3473.0,
    "pct3ResTime" : 3473.0,
    "throughput" : 2.2758306781975417,
    "receivedKBytesPerSec" : 1113.5763967910787,
    "sentKBytesPerSec" : 0.271143889394629
  },
  "Total" : {
    "transaction" : "Total",
    "sampleCount" : 30,
    "errorCount" : 0,
    "errorPct" : 0.0,
    "meanResTime" : 1070.2333333333336,
    "medianResTime" : 813.0,
    "minResTime" : 216.0,
    "maxResTime" : 3473.0,
    "pct1ResTime" : 2183.9,
    "pct2ResTime" : 2815.199999999999,
    "pct3ResTime" : 3473.0,
    "throughput" : 6.155108740254411,
    "receivedKBytesPerSec" : 2514.5474552472306,
    "sentKBytesPerSec" : 0.8495332375871975
  },
  "E-Book" : {
    "transaction" : "E-Book",
    "sampleCount" : 10,
    "errorCount" : 0,
    "errorPct" : 0.0,
    "meanResTime" : 587.3000000000001,
    "medianResTime" : 457.5,
    "minResTime" : 263.0,
    "maxResTime" : 1367.0,
    "pct1ResTime" : 1306.8000000000002,
    "pct2ResTime" : 1367.0,
    "pct3ResTime" : 1367.0,
    "throughput" : 3.4071550255536627,
    "receivedKBytesPerSec" : 944.3292829003407,
    "sentKBytesPerSec" : 0.45916737649063033
  }
}