{
  "SINGLE USERS" : {
    "transaction" : "SINGLE USERS",
    "sampleCount" : 10,
    "errorCount" : 0,
    "errorPct" : 0.0,
    "meanResTime" : 769.8000000000001,
    "medianResTime" : 809.5,
    "minResTime" : 59.0,
    "maxResTime" : 1373.0,
    "pct1ResTime" : 1372.9,
    "pct2ResTime" : 1373.0,
    "pct3ResTime" : 1373.0,
    "throughput" : 6.570302233902759,
    "receivedKBytesPerSec" : 6.399628367279894,
    "sentKBytesPerSec" : 0.782789914586071
  },
  "UPDATE USER" : {
    "transaction" : "UPDATE USER",
    "sampleCount" : 10,
    "errorCount" : 0,
    "errorPct" : 0.0,
    "meanResTime" : 17.9,
    "medianResTime" : 17.5,
    "minResTime" : 13.0,
    "maxResTime" : 26.0,
    "pct1ResTime" : 25.6,
    "pct2ResTime" : 26.0,
    "pct3ResTime" : 26.0,
    "throughput" : 41.49377593360996,
    "receivedKBytesPerSec" : 40.41591026970954,
    "sentKBytesPerSec" : 9.725103734439834
  },
  "Total" : {
    "transaction" : "Total",
    "sampleCount" : 30,
    "errorCount" : 0,
    "errorPct" : 0.0,
    "meanResTime" : 429.53333333333336,
    "medianResTime" : 422.0,
    "minResTime" : 13.0,
    "maxResTime" : 1373.0,
    "pct1ResTime" : 1268.6000000000004,
    "pct2ResTime" : 1372.45,
    "pct3ResTime" : 1373.0,
    "throughput" : 14.727540500736376,
    "receivedKBytesPerSec" : 12.977686242022584,
    "sentKBytesPerSec" : 2.847708026509573
  },
  "CREATE USER" : {
    "transaction" : "CREATE USER",
    "sampleCount" : 10,
    "errorCount" : 0,
    "errorPct" : 0.0,
    "meanResTime" : 500.9,
    "medianResTime" : 433.5,
    "minResTime" : 416.0,
    "maxResTime" : 641.0,
    "pct1ResTime" : 639.4,
    "pct2ResTime" : 641.0,
    "pct3ResTime" : 641.0,
    "throughput" : 15.552099533437016,
    "receivedKBytesPerSec" : 10.816606726283048,
    "sentKBytesPerSec" : 3.5235225505443233
  }
}